"atm_id","total_downtime_hours","most_frequent_down_type"
ATM1100,2.39361111111111113334,Super Down Time
UUH11020,1.67972222222222221111,Super Down Time
HPYTEST03,0.74319438722222222222,CASH Down Time
"76234639",0.69146537888888888889,CASH Down Time
UUHUAT-1,0.12222222222222222222,Super Down Time
