"atm_id","total_transactions","success_rate"
HPYTEST03,67,59.7014925373134328
ATM1100,2,50.0000000000000000
TESTEJ0096,51,27.4509803921568627
"58575890",12,8.3333333333333333
"76234639",89,2.2471910112359551
